"","FormattedDates","MinTemp","MaxTemp","Rainfall","Relative.Humidity....","Wind.Speed..m.s.","WindDirDaily_numerical","Pressure9am","Pressure3pm","Cloud9am","Cloud3pm","Sunshine","Evaporation","Nitrogen.Oxide..ppm.","Nitrogen.Dioxide..ppm.","Nitrogen.Oxides..ppm.","Carbon.Monoxide..ppm.","PM2.5..ug.m.3.","PM10..ug.m.3.","WindDirDaily_category"
"1",2018-01-01,24.2,32.1,0.4,71.0625,1.20416666666667,6,1006.1,1001.8,7,7,6.5,4.4,0.00408333333333333,0.009375,0.01275,0.133333333333333,7.22916666666667,12.0541666666667,"ESE"
"2",2018-01-02,23.4,30.8,0,73.9416666666667,1.3875,8,1004.9,1001.6,8,7,1.3,5.8,0.00695833333333333,0.0109583333333333,0.0169583333333333,0.120833333333333,9.7125,12.9625,"SSE"
"3",2018-01-03,21.7,31.2,4.8,68.0708333333333,1.66666666666667,8,1005.6,1006.8,3,7,9.9,4.6,0.007625,0.00958333333333333,0.0162083333333333,0.108333333333333,2.66666666666667,7.175,"SSE"
"4",2018-01-04,21,29.5,0,62.4666666666667,1.47083333333333,7,1014.5,1013,1,5,11.7,8.8,0.00720833333333333,0.010125,0.016375,0.0791666666666667,4.18333333333333,13.2875,"SE"
"5",2018-01-05,22.2,29.5,0,61.9083333333333,1.49583333333333,6,1016.8,1015,7,4,9.7,9.6,0.007,0.00766666666666667,0.013875,0.0625,3.67916666666667,11.9166666666667,"ESE"
"6",2018-01-06,20.7,31.1,0,57.3541666666667,1.33333333333333,5,1019.3,1016.7,2,1,13,9.2,0.00416666666666667,0.00641666666666667,0.01,0.0625,2.64166666666667,9.1,"E"
"7",2018-01-07,21.1228571428571,31.5,0,60.075,1.5375,3,1018.9,1015.8,2,1,13,8.4,0.00491666666666667,0.00575,0.00995833333333333,0.0625,3.65833333333333,9.95833333333333,"NE"
"8",2018-01-08,22.2228571428571,32.4,0,58.8708333333333,1.75,2,1018.4,1014.6,1,1,13.1,9.4,0.00945833333333333,0.00658333333333333,0.015125,0.0708333333333333,3.27916666666667,10.3,"NNE"
"9",2018-01-09,22.3,32.1,0,56.8458333333333,1.73333333333333,2,1017.2,1013.7,2,1,11.7,11,0.0104583333333333,0.00729166666666667,0.0167916666666667,0.0875,2.8125,9.85416666666667,"NNE"
"10",2018-01-10,22,32.3,0,58.5375,1.52083333333333,3,1017,1013.6,5,1,11.5,10,0.0117083333333333,0.00929166666666667,0.0198333333333333,0.1125,4.48333333333333,12.0125,"NE"
"11",2018-01-11,23.7,31.4,0,58.9041666666667,1.375,4,1017.4,1015.5,5,7,10.2,7.4,0.00945833333333333,0.00816666666666667,0.016625,0.0958333333333333,4.22083333333333,11.025,"ENE"
"12",2018-01-12,24.8228571428571,32.6,0,59.975,1.48333333333333,3,1014.6,1010.9,5,1,10.3,8.4,0.00858333333333333,0.009,0.0165833333333333,0.1,4.42083333333333,11.525,"NE"
"13",2018-01-13,24,35.6,0,63.3375,1.60416666666667,3,1008.8,1003,5,5,11.2,9.6,0.00445833333333333,0.00820833333333333,0.01175,0.108333333333333,8.65,21.0291666666667,"NE"
"14",2018-01-14,24.2,37.5,0.2,48.6208333333333,2.47916666666667,10,1001.7,999.8,7,4,11.9,10.2,0.005375,0.00954166666666667,0.0139166666666667,0.0916666666666667,7.32916666666667,20.3833333333333,"SSW"
"15",2018-01-15,17.4,30.3,0,44.1625,1.7875,8,1011.1,1009.2,1,1,12.4,15.8,0.0117916666666667,0.01075,0.0215,0.0833333333333333,6.30833333333333,17.1166666666667,"SSE"
"16",2018-01-16,17.7,31.1,0,47.0791666666667,2.36666666666667,8,1014.5,1012.5,0,1,13,11,0.01425,0.01175,0.0245833333333333,0.0875,7.79166666666667,22.8083333333333,"SSE"
"17",2018-01-17,18.3,29.4,0,49.1875,1.67083333333333,7,1017.5,1015,2,1,12.8,10.8,0.0100833333333333,0.00970833333333333,0.0187916666666667,0.0916666666666667,4.95416666666667,18.2166666666667,"SE"
"18",2018-01-18,19.5,30,0,53.4416666666667,1.52916666666667,6,1019.2,1015.6,1,1,12.7,10.6,0.009875,0.011625,0.02025,0.108333333333333,8.30416666666667,25.6375,"ESE"
"19",2018-01-19,17.4,31.4,0,54.9083333333333,1.4,6,1015.6,1012.6,1,1,12.2,8.8,0.0122916666666667,0.0142083333333333,0.0250833333333333,0.116666666666667,6.76666666666667,20.5541666666667,"ESE"
"20",2018-01-20,19.1,32.2,0,57.0375,1.74166666666667,8,1013.8,1010.7,3,1,12.1,8.4,0.00679166666666667,0.00825,0.0140833333333333,0.0791666666666667,3.63333333333333,13.2583333333333,"SSE"
"21",2018-01-21,21.1,30.2,0,62.1791666666667,1.675,6,1013.3,1011.5,7,7,5.7,10.2,0.003625,0.004125,0.00725,0.0416666666666667,1.4375,7.77916666666667,"ESE"
"22",2018-01-22,20.8,31.7,0,61.6375,1.42083333333333,5,1013.3,1010.4,7,3,13,6.8,0.013375,0.00895833333333333,0.0211666666666667,0.108333333333333,3.12083333333333,10.3083333333333,"E"
"23",2018-01-23,20.3,32.3,0,62.4833333333333,1.55833333333333,4,1013.5,1010.7,3,1,12.1,8.6,0.0143333333333333,0.00916666666666667,0.0175416666666667,0.141666666666667,3.52083333333333,9.28333333333333,"ENE"
"24",2018-01-24,22.4,31.6,0,68.1291666666667,1.72916666666667,4,1012.9,1009.9,6,3,10,7.8,0.0138333333333333,0.00733333333333333,0.020125,0.145833333333333,4.875,12.4208333333333,"ENE"
"25",2018-01-25,23.6,24.2747572815534,8.6,69.5291666666667,1.69166666666667,4,1012.2,1010.6,4,2,11.5,8.6,0.0118333333333333,0.007125,0.0179583333333333,0.166666666666667,5.15416666666667,11.6916666666667,"ENE"
"26",2018-01-26,23.2,32.5,0,65.3833333333333,1.70833333333333,5,1012.4,1010.2,6,2,12.1,7.8,0.00520833333333333,0.00341666666666667,0.00795833333333333,0.0958333333333333,4.8875,8.8125,"E"
"27",2018-01-27,24.3,32.8,0,64.4208333333333,1.85416666666667,6,1012.2,1010.1,6,3,12.7,8.8,0.00525,0.002375,0.00716666666666667,0.0958333333333333,3.43333333333333,9.86666666666667,"ESE"
"28",2018-01-28,23.6,30.2,2.4,69.9208333333333,1.775,7,1011.7,1008.7,7,5,10.6,9,0.00716666666666667,0.00466666666666667,0.0111666666666667,0.104166666666667,3.57916666666667,11.85,"SE"
"29",2018-01-29,21.8,31.5,7.8,67.525,1.9625,8,1009.4,1006.4,7,6,8.9,9,0.01675,0.009875,0.0251666666666667,0.154166666666667,5.90833333333333,18.3375,"SSE"
"30",2018-01-30,22.5,32.7,1.6,64.4125,1.93333333333333,8,1006,1001.2,7,3,9.9,9,0.0157916666666667,0.00904166666666667,0.0236666666666667,0.1375,4.19583333333333,14.4291666666667,"SSE"
"31",2018-01-31,22.3,34.7,0,66.7916666666667,1.5375,7,1003.2,1000.9,1,1,11.3,9,0.012125,0.00929166666666667,0.0203333333333333,0.129166666666667,5.725,14.4333333333333,"SE"
"32",2018-02-01,21.3,25.5,4.2,70.0375,2.475,9,1011,1009.9,8,8,0.2,8.4,0.0184583333333333,0.0130833333333333,0.0299166666666667,0.125,3.78333333333333,10.7708333333333,"S"
"33",2018-02-02,18.5,21.7,11.2,85.9458333333333,1.7,10,1013.3,1012.7,8,8,0,4,0.0290833333333333,0.0139583333333333,0.0410833333333333,0.225,4.24583333333333,7.0375,"SSW"
"34",2018-02-03,18.8,22.8,6.2,84.7583333333333,1.55,11,1014.7,1014.6,8,8,0,2,0.0199583333333333,0.00970833333333333,0.0280416666666667,0.1875,3.59166666666667,7.45833333333333,"SW"
"35",2018-02-04,17.8,28,7.2,68.6625,2.37916666666667,8,1017.2,1015.4,4,3,11.2,1.6,0.009,0.00566666666666667,0.0137083333333333,0.0875,1.2,6.65416666666667,"SSE"
"36",2018-02-05,18.4,30.1,1,59.8041666666667,2.1,8,1018.5,1015.7,3,3,10.4,7.4,0.0193333333333333,0.00966666666666667,0.0277083333333333,0.125,2.29583333333333,10.2,"SSE"
"37",2018-02-06,18.9,19.1747572815534,0,58.9916666666667,2.05,8,1018.3,1016.3,4,2,12.1,8.6,0.0182916666666667,0.00870833333333333,0.025625,0.141666666666667,2.40833333333333,8.875,"SSE"
"38",2018-02-07,18.5,29.3,0,53.3083333333333,2.01666666666667,8,1018.9,1017.2,3,1,9.4,9.4,0.0186666666666667,0.0111666666666667,0.0283333333333333,0.1375,3.09583333333333,12.8208333333333,"SSE"
"39",2018-02-08,18.6,29,0,58.5708333333333,2.15,8,1018.8,1016,6,2,11.1,9.8,0.0172083333333333,0.0100833333333333,0.025875,0.133333333333333,2.21666666666667,10.25,"SSE"
"40",2018-02-09,18.3,31.2,0,60.3791666666667,1.45,8,1016.3,1012.8,1,1,12.6,9,0.0130833333333333,0.0101666666666667,0.0219166666666667,0.158333333333333,3.51666666666667,10.6916666666667,"SSE"
"41",2018-02-10,19.4,32.8,0,63.1583333333333,1.4375,2,1011.4,1006.4,1,1,11.7,8,0.00945833333333333,0.0100833333333333,0.0185,0.179166666666667,4.7875,12.5916666666667,"NNE"
"42",2018-02-11,22.7,34.5,1,66.4041666666667,1.45416666666667,3,1006.9,1002.8,1,2,11.4,6.2,0.00354166666666667,0.00858333333333333,0.011375,0.1625,5.80833333333333,15.1708333333333,"NE"
"43",2018-02-12,20.9,33.5,6.6,66.3958333333333,1.675,4,1008.1,1004.8,3,1,12.2,9.2,0.009,0.0130416666666667,0.02075,0.204166666666667,6.90416666666667,18.0541666666667,"ENE"
"44",2018-02-13,26.3,33,0,73.9458333333333,1.70416666666667,4,1010.5,1008.3,7,1,6.5,7.2,0.008,0.00941666666666667,0.016625,0.183333333333333,6.75,20.0083333333333,"ENE"
"45",2018-02-14,21.8,33,13,71.9125,1.70416666666667,4,1011.7,1006.9,1,1,11.6,8.4,0.01225,0.0131666666666667,0.0240833333333333,0.229166666666667,7.46666666666667,19.1208333333333,"ENE"
"46",2018-02-15,24.6,35.7,0,69.1375,1.57083333333333,7,1010.7,1008.6,1,3,8.6,6.2,0.0124166666666667,0.0142083333333333,0.025375,0.245833333333333,10.1041666666667,21.4875,"SE"
"47",2018-02-16,26.6,33,0,72.475,1.52916666666667,3,1011.1,1006.4,4,6,8,7.2,0.00995833333333333,0.0115833333333333,0.0204166666666667,0.216666666666667,7.3875,19.1,"NE"
"48",2018-02-17,22.5,31.5,17,69.8708333333333,1.55416666666667,7,1012.1,1009.8,5,2,11,7.6,0.00704166666666667,0.00675,0.0130416666666667,0.1375,5.32916666666667,12.6083333333333,"SE"
"49",2018-02-18,22.4,22.7747572815534,0,64.2,1.4625,8,1012.4,1008.8,3,1,11.6,8.6,0.005875,0.00620833333333333,0.0112083333333333,0.120833333333333,5.1,14.2541666666667,"SSE"
"50",2018-02-19,20.4,33,0,60.0833333333333,1.47916666666667,8,1010.4,1006.4,1,1,11.3,9,0.0117916666666667,0.0102916666666667,0.021,0.166666666666667,4.67916666666667,14.5,"SSE"
"51",2018-02-20,23.3,30.9,0,59.5583333333333,2.42083333333333,8,1011.3,1009,7,6,6.4,9.8,0.0175833333333333,0.010375,0.026625,0.1625,3.30416666666667,14.4791666666667,"SSE"
"52",2018-02-21,22,27.6,0,65.6708333333333,3.10833333333333,7,1013.2,1012.1,8,7,1.2,11,0.0122916666666667,0.00879166666666667,0.02,0.120833333333333,2.825,14.5166666666667,"SE"
"53",2018-02-22,20.7,26.7,0.2,74.225,2.33333333333333,7,1014.9,1012.9,7,8,0,8.2,0.014375,0.00925,0.0225,0.125,1.95833333333333,8.3875,"SE"
"54",2018-02-23,22.2,26.4,62.8,88.2791666666667,1.57916666666667,5,1013.9,1012.2,8,8,0.1,11.4,0.00933333333333333,0.00616666666666667,0.01475,0.1625,2.34166666666667,5.7875,"E"
"55",2018-02-24,22.1,29.1,135.8,84.4291666666667,1.06666666666667,4,1013.5,1010.2,8,7,0,11.4,0.011125,0.00654166666666667,0.01675,0.1875,3.67916666666667,6.1875,"ENE"
"56",2018-02-25,23.1,23.5747572815534,19,76.8083333333333,1.31666666666667,3,1009.5,1005.2,7,7,7.8,4.8,0.00570833333333333,0.005375,0.010375,0.175,3.0375,6.60416666666667,"NE"
"57",2018-02-26,23.1,22.2747572815534,0,73.3041666666667,1.38333333333333,3,1007,1003.8,1,1,12,2.8,0.0115833333333333,0.00925,0.0199166666666667,0.216666666666667,2.82083333333333,7.40416666666667,"NE"
"58",2018-02-27,21.7,28.5,0,69.7625,2.1375,9,1013.4,1012,8,6,1.5,7.6,0.017,0.0119166666666667,0.0274583333333333,0.166666666666667,1.73333333333333,7.05833333333333,"S"
"59",2018-02-28,19.9,29.5,0.2,63.6041666666667,1.4875,5,1014.8,1010.9,1,2,11.9,5.6,0.0139583333333333,0.0110416666666667,0.023875,0.1875,2.39166666666667,11.1083333333333,"E"
"60",2018-03-01,20.9,21.1747572815534,0,65.0416666666667,1.45,9,1010.9,1006.6,1,2,11.8,6,0.0140833333333333,0.0150833333333333,0.0252916666666667,0.175,5.425,16.3125,"S"
"61",2018-03-02,24.6,29.1,0,68.3375,1.68333333333333,6,1012.8,1010.1,7,8,3.4,7.4,0.00491666666666667,0.00933333333333333,0.013375,0.0375,3.49166666666667,24.1875,"ESE"
"62",2018-03-03,24,30.6,0.8,73.6541666666667,1.1875,3,1012.6,1009.2,7,1,8,4,0.00508333333333333,0.00933333333333333,0.0135416666666667,0.0833333333333333,5.59583333333333,17.8375,"NE"
"63",2018-03-04,24.3,34.7,0.2,66.7375,1.00416666666667,12,1012.1,1008.6,5,6,9.7,5.4,0.00458333333333333,0.0119166666666667,0.0157083333333333,0.1,5.67916666666667,10.3708333333333,"WSW"
"64",2018-03-05,23.6,29.4,2.4,77.6833333333333,1.15833333333333,7,1012.8,1010.3,8,7,0.3,5.8,0.00879166666666667,0.0130416666666667,0.02075,0.104166666666667,4.72916666666667,8.07916666666667,"SE"
"65",2018-03-06,20.5,24,57.4,86.2166666666667,1.75833333333333,10,1014,1015.2,8,8,0,4.4,0.0253333333333333,0.01525,0.0387083333333333,0.1625,3.10416666666667,6.79583333333333,"SSW"
"66",2018-03-07,18.8,26.1,11,74.9708333333333,2.63333333333333,8,1018.3,1016.6,8,7,1.1,3.6,0.018625,0.011375,0.0285416666666667,0.0625,2.975,13.1125,"SSE"
"67",2018-03-08,19,26.6,5.8,67.0291666666667,2.62083333333333,8,1019.2,1017.4,7,8,2.7,1.8,0.02,0.0124583333333333,0.0308333333333333,0.0666666666666667,2.18333333333333,11.9291666666667,"SSE"
"68",2018-03-09,19.1,27.4,1.6,64.3666666666667,2.67083333333333,8,1020.1,1018,6,7,6.6,4.4,0.0197916666666667,0.012125,0.0304166666666667,0.0708333333333333,2.08333333333333,9.86666666666667,"SSE"
"69",2018-03-10,20.1,26.7,0.6,71.6166666666667,2.14583333333333,9,1020.8,1019.2,7,7,4.4,6.6,0.011375,0.00941666666666667,0.0197083333333333,0.0458333333333333,2.41666666666667,8.54166666666667,"S"
"70",2018-03-11,18.8,25.7,2.8,76.4958333333333,1.76666666666667,10,1019.6,1017.5,7,8,3.2,4.6,0.0114166666666667,0.00958333333333333,0.02,0.0625,1.1625,6.2125,"SSW"
"71",2018-03-12,18.3,28.6,2.2,66.8541666666667,1.57083333333333,9,1017,1013.5,7,3,9,4.2,0.0142083333333333,0.0116666666666667,0.0245416666666667,0.075,2.75833333333333,10.9541666666667,"S"
"72",2018-03-13,19.2,27.3,0,71.8,1.85416666666667,8,1016.7,1015,7,7,3.7,5.4,0.0179166666666667,0.01175,0.0282083333333333,0.0791666666666667,3.05833333333333,9.6,"SSE"
"73",2018-03-14,20.5,28.7,5.8,68.5291666666667,2.45833333333333,8,1016.6,1013.4,2,2,9.5,4.2,0.019875,0.0120833333333333,0.0303333333333333,0.0833333333333333,2.53333333333333,10.7416666666667,"SSE"
"74",2018-03-15,20.2,29.4,0.4,65.0458333333333,1.7875,8,1013.7,1011,7,1,8.1,6.2,0.0168333333333333,0.014625,0.0298333333333333,0.104166666666667,4.58333333333333,14.3125,"SSE"
"75",2018-03-16,18.5,30.6,0,65.8208333333333,1.28333333333333,8,1015.7,1013.7,1,1,11.3,6,0.013125,0.0126666666666667,0.0244166666666667,0.0958333333333333,4.3625,13.5583333333333,"SSE"
"76",2018-03-17,20.5,31,0,65.55,1.29583333333333,8,1018.3,1015,1,1,11.3,7,0.00654166666666667,0.008875,0.0145,0.0416666666666667,3.86666666666667,12.5708333333333,"SSE"
"77",2018-03-18,21.1,31.2,0,72.3916666666667,1.29166666666667,6,1017.3,1014.3,6,3,8,6.2,0.005375,0.00679166666666667,0.0114166666666667,0.0541666666666667,3.17083333333333,8.37083333333333,"ESE"
"78",2018-03-19,21.9,31.4,0,72.3,1.19583333333333,6,1017.3,1014.3,3,4,9.9,4.4,0.0150833333333333,0.008,0.021875,0.0791666666666667,3.36666666666667,7.43333333333333,"ESE"
"79",2018-03-20,20.7,29.8,0.2,66.5,1.575,7,1018.1,1016,4,1,10.1,7,0.015,0.0104583333333333,0.0242083333333333,0.0666666666666667,3.625,11.2583333333333,"SE"
"80",2018-03-21,21.2,25.8,13.6,78.1291666666667,2.00833333333333,8,1018,1015.9,7,7,0.5,7.2,0.0187916666666667,0.0105833333333333,0.0279166666666667,0.0875,1.4875,9.7125,"SSE"
"81",2018-03-22,20.4,27.6,28,75.875,2.12916666666667,8,1017.4,1015.1,6,3,8.3,7.2,0.0212916666666667,0.0112083333333333,0.0307916666666667,0.0875,3.15,10.7416666666667,"SSE"
"82",2018-03-23,19.7,28.3,6,73.1333333333333,1.59166666666667,8,1018.2,1016.2,7,5,8.2,6,0.01825,0.010375,0.0272083333333333,0.104166666666667,2.425,11.6083333333333,"SSE"
"83",2018-03-24,20.5,27.7,0.2,69.55,1.35833333333333,7,1019,1016.3,7,5,6.3,4.6,0.0105416666666667,0.00808333333333333,0.0175416666666667,0.075,3.2,13.4833333333333,"SE"
"84",2018-03-25,19.5,28.1,0.2,75.8166666666667,1.25833333333333,7,1016.1,1011.9,3,7,5.6,4,0.00783333333333333,0.00795833333333333,0.0149583333333333,0.0708333333333333,2.81666666666667,11.3,"SE"
"85",2018-03-26,21.9,29.2,1,78.6625,1.0625,2,1011.1,1008,7,7,5.5,3.4,0.0169583333333333,0.0121666666666667,0.0277916666666667,0.141666666666667,5.225,12.425,"NNE"
"86",2018-03-27,23.7,28.3,0.2,78.9666666666667,1.6,8,1012.8,1011.4,8,6,1,3.8,0.0228333333333333,0.0133333333333333,0.0344166666666667,0.154166666666667,5.9,14.1291666666667,"SSE"
"87",2018-03-28,20.9,30.9,1.2,66.4583333333333,2.34583333333333,9,1015.4,1011.8,3,2,10.7,8.4,0.01675,0.0143333333333333,0.0294583333333333,0.141666666666667,3.175,10.3833333333333,"S"
"88",2018-03-29,21,28.7,2,77.6416666666667,1.85,8,1013.7,1012,5,7,6.7,6.8,0.01825,0.0117916666666667,0.0285,0.104166666666667,3.02083333333333,11.025,"SSE"
"89",2018-03-30,21.1,29.1,1,77.9458333333333,1.50416666666667,8,1014.2,1012.1,7,3,8.7,3.6,0.00691666666666667,0.00666666666666667,0.0127083333333333,0.0333333333333333,2.37083333333333,12.2583333333333,"SSE"
"90",2018-03-31,20.7,29.3,0.4,71.3583333333333,1.82083333333333,8,1016.4,1014.3,6,2,9.9,6,0.00858333333333333,0.007125,0.0147916666666667,0.0416666666666667,2.42916666666667,11.5541666666667,"SSE"
"91",2018-04-01,20.1,28.9,0,73.6333333333333,1.49583333333333,7,1017.4,1014.5,4,5,9.3,6.6,0.00533333333333333,0.005625,0.010375,0.0375,2.00416666666667,9.31666666666667,"SE"
"92",2018-04-02,20.7,28.6,0.4,72.3958333333333,1.52083333333333,5,1016.6,1014.2,4,1,10.6,6,0.004875,0.00566666666666667,0.00991666666666667,0.0458333333333333,3.00833333333333,11.0416666666667,"E"
"93",2018-04-03,19.8,28,0,70.45,1.70416666666667,8,1017.5,1015.6,7,1,8.9,6,0.0204166666666667,0.01275,0.027375,0.125,3.34166666666667,11.5875,"SSE"
"94",2018-04-04,20.1,26.3,4.2,77.3791666666667,2.04166666666667,8,1017.1,1014.4,8,7,1,6.4,0.021375,0.0130416666666667,0.032625,0.104166666666667,2.2125,9.19583333333333,"SSE"
"95",2018-04-05,18.2,28.1,3.2,72.2,1.77916666666667,8,1015.7,1013.3,2,3,9.4,4.4,0.0249166666666667,0.0140416666666667,0.037125,0.129166666666667,2.33333333333333,12.4541666666667,"SSE"
"96",2018-04-06,18.2,27.8,1.8,68.3583333333333,1.81666666666667,8,1016.5,1014.7,5,7,8.5,6.2,0.0189166666666667,0.0125416666666667,0.0298333333333333,0.0958333333333333,2.40833333333333,11.2958333333333,"SSE"
"97",2018-04-07,18.7,28.1,3.2,68.0916666666667,1.59166666666667,8,1019.5,1017.4,5,1,10.7,5,0.00991666666666667,0.010625,0.0195833333333333,0.075,2.88333333333333,10.7291666666667,"SSE"
"98",2018-04-08,18.6,27.8,2.4,69.9666666666667,1.34583333333333,9,1021.2,1017.8,5,2,10,5.8,0.007875,0.00929166666666667,0.0162083333333333,0.1,2.52916666666667,8.74166666666667,"S"
"99",2018-04-09,17.6,29.3,0,68.6416666666667,1.05416666666667,6,1020.1,1015.3,1,1,9.7,5.4,0.0193333333333333,0.017125,0.034625,0.175,4.2875,13.8,"ESE"
"100",2018-04-10,17.6,30.1,0,68.825,2.02083333333333,8,1019.1,1016.5,0,4,10.3,0.4,0.0194583333333333,0.0170833333333333,0.0349166666666667,0.141666666666667,5.15833333333333,17.15,"SSE"
"101",2018-04-11,19.9,27.2,0.2,61.8333333333333,1.56666666666667,7,1022.6,1020.1,7,2,10.6,6.2,0.0164166666666667,0.0160416666666667,0.030625,0.108333333333333,2.67916666666667,15.7333333333333,"SE"
"102",2018-04-12,17.6,26.1,0,66.6708333333333,1.275,4,1022.6,1019.3,7,7,3.5,7.2,0.0203333333333333,0.017875,0.0364166666666667,0.166666666666667,3.39583333333333,17.7791666666667,"ENE"
"103",2018-04-13,18.1,27.8,0.6,66.5333333333333,1.38333333333333,2,1020.2,1015.5,2,2,9.4,4.2,0.0167916666666667,0.015,0.030125,0.129166666666667,3.32083333333333,20.1,"NNE"
"104",2018-04-14,18.8,28,0,73.5875,0.841666666666667,16,1015.6,1011.5,7,5,3.7,5,0.0125416666666667,0.0134583333333333,0.02475,0.141666666666667,3.5,13.7041666666667,"NNW"
"105",2018-04-15,18.3,30.4,0.2,72.0666666666667,1.05,3,1011.9,1009,1,2,10.6,3,0.014375,0.012875,0.026,0.2,5.1125,13.1,"NE"
"106",2018-04-16,15.1,32,0,55.575,0.983333333333333,13,1015.8,1012.1,0,0,10.9,4,0.0219583333333333,0.0229583333333333,0.0427083333333333,0.225,4.325,25.8708333333333,"W"
"107",2018-04-17,16.7,30.8,0,60.6041666666667,1.49583333333333,9,1018,1015.6,0,1,10.6,5.2,0.01825,0.0186666666666667,0.035125,0.154166666666667,4.4,18.0041666666667,"S"
"108",2018-04-18,19.4,24.7,5.2,72.625,1.67916666666667,10,1021.8,1019.4,8,6,0.6,7.6,0.0249166666666667,0.0197916666666667,0.0426666666666667,0.183333333333333,3.57083333333333,14,"SSW"
"109",2018-04-19,18.4,27.2,1.2,67,1.3375,9,1021.6,1018.6,2,7,7.1,5,0.0173333333333333,0.0174583333333333,0.0332083333333333,0.154166666666667,3.15833333333333,14.9041666666667,"S"
"110",2018-04-20,18.9,27.7,0.2,78.5416666666667,1.2,11,1019.7,1016.1,6,7,3.8,5.8,0.0281666666666667,0.021375,0.0471666666666667,0.275,4.76666666666667,12.8583333333333,"SW"
"111",2018-04-21,17.5,26.7,10,74.3666666666667,1.5,10,1019.3,1016.5,1,7,7.8,2.8,0.0139583333333333,0.0145416666666667,0.027125,0.183333333333333,3.61666666666667,8.52916666666667,"SSW"
"112",2018-04-22,17.2,25.8,0.2,68.4083333333333,2.10416666666667,9,1018.6,1016.1,4,2,9.8,3.8,0.00820833333333333,0.011125,0.01825,0.116666666666667,3.11666666666667,6.73333333333333,"S"
"113",2018-04-23,16.9,28,0,68.7625,1.5125,11,1017,1014.5,1,5,8.9,5.8,0.0221666666666667,0.0173333333333333,0.0378333333333333,0.208333333333333,2.9625,9.14166666666667,"SW"
"114",2018-04-24,16.4,27.2,1.4,62.0458333333333,1.39583333333333,11,1016,1012.3,1,6,9.1,3.2,0.0244583333333333,0.0185833333333333,0.041125,0.1875,3.0375,7.59166666666667,"SW"
"115",2018-04-25,17.5,27.7,1.2,69.0416666666667,1.0625,11,1013.7,1010.3,1,7,9.3,4,0.00545833333333333,0.0112083333333333,0.0158333333333333,0.1125,3.075,5.85416666666667,"SW"
"116",2018-04-26,18.1,29.1,0,70.1708333333333,1.02916666666667,10,1013.8,1010.5,1,1,10.5,5,0.0175416666666667,0.01775,0.0334166666666667,0.183333333333333,4.55,9.4125,"SSW"
"117",2018-04-27,18.3,27.5,0,63.6666666666667,1.86666666666667,10,1017.3,1015.5,1,3,8.8,4.6,0.0226666666666667,0.019875,0.0405416666666667,0.1875,4.3,11.6583333333333,"SSW"
"118",2018-04-28,16.6,25.5,0,64.9458333333333,2.13333333333333,10,1020,1016.8,3,5,7.8,5.6,0.0132916666666667,0.0133333333333333,0.0253333333333333,0.129166666666667,1.69166666666667,7.21666666666667,"SSW"
"119",2018-04-29,15.8,26.1,0.4,63.4333333333333,2,10,1021.8,1018.8,1,4,10.1,2.6,0.00758333333333333,0.01075,0.01725,0.1125,1.79583333333333,7.28333333333333,"SSW"
"120",2018-04-30,14.9,25.5,0,62.6833333333333,2.03333333333333,10,1021.6,1020.3,1,5,8,4,0.021375,0.0167916666666667,0.036375,0.154166666666667,2.60833333333333,7.875,"SSW"
"121",2018-05-01,15.1,25.3,0,60.4916666666667,2.17083333333333,10,1024.3,1021.7,3,3,8.6,6,0.0208333333333333,0.0170833333333333,0.0314166666666667,0.154166666666667,4.07916666666667,12.6916666666667,"SSW"
"122",2018-05-02,17.2,26,0,64.8958333333333,1.36666666666667,10,1023.5,1019.6,7,2,8,4.8,0.0159166666666667,0.01575,0.030125,0.158333333333333,5.525,14.5291666666667,"SSW"
"123",2018-05-03,16,26.7,0,69.1041666666667,1.07916666666667,9,1021.7,1018.2,4,7,8.8,4.2,0.0277083333333333,0.0207083333333333,0.046125,0.258333333333333,6.82083333333333,17.575,"S"
"124",2018-05-04,16.5,27.6,0,70.3166666666667,1.07083333333333,3,1020.9,1017.2,3,3,9.9,3.6,0.024125,0.0178333333333333,0.0401666666666667,0.220833333333333,6.77083333333333,16.7625,"NE"
"125",2018-05-05,18.3,27.2,0,67.0416666666667,1.9125,8,1023.6,1022.6,1,1,9.3,3.8,0.009625,0.0124166666666667,0.0210416666666667,0.145833333333333,4.94583333333333,17.4791666666667,"SSE"
"126",2018-05-06,15.7,25.8,0,62.5083333333333,2.2625,9,1027.8,1024.9,1,4,9.7,6.4,0.006375,0.00958333333333333,0.0150416666666667,0.116666666666667,3.07916666666667,12.525,"S"
"127",2018-05-07,16.7,24.2,0,73.3875,1.52083333333333,9,1025,1021.1,7,8,1.5,5.8,0.00729166666666667,0.009875,0.01625,0.108333333333333,3.90416666666667,12.0208333333333,"S"
"128",2018-05-08,18.5,22.5,8.2,86.275,1.14166666666667,10,1021.6,1019.1,7,7,0.1,5.6,0.0300416666666667,0.0174583333333333,0.0452916666666667,0.2,5.22083333333333,9.1,"SSW"
"129",2018-05-09,17.9,27.2,9.2,70.7333333333333,1.3625,12,1019.6,1015.8,1,1,9.2,0.6,0.0229166666666667,0.0213333333333333,0.0421666666666667,0.2375,5.32083333333333,10.4916666666667,"WSW"
"130",2018-05-10,14.3,27.9,0,64.825,1.05416666666667,15,1018.5,1012.7,0,1,10,3.8,0.0286666666666667,0.0207083333333333,0.0470416666666667,0.258333333333333,6.42916666666667,13.5791666666667,"NW"
"131",2018-05-11,14.9,22.9,0,33.2708333333333,2.39166666666667,13,1015.6,1012.7,0,0,10.2,6,0.01775,0.015625,0.03175,0.195833333333333,2.85,16.0333333333333,"W"
"132",2018-05-12,12.3,22.3,0,37.7458333333333,2.82083333333333,13,1015.5,1012,1,0,10.1,10.2,0.0107916666666667,0.009125,0.0186666666666667,0.183333333333333,2.3375,16.2083333333333,"W"
"133",2018-05-13,10.7,24.4,0,52.0583333333333,1.25833333333333,11,1018.3,1015.1,1,1,10,5.6,0.0129166666666667,0.0142916666666667,0.0259166666666667,0.245833333333333,4.3375,9.82916666666667,"SW"
"134",2018-05-14,11.2,25,0,62.8625,1.27916666666667,11,1021.1,1017.4,1,3,9.6,4,0.0312916666666667,0.0219583333333333,0.0548333333333333,0.325,5.4625,12.475,"SW"
"135",2018-05-15,13.4,25.1,0,59.2333333333333,1.37083333333333,11,1021.1,1018.3,0,1,9.9,4.4,0.022,0.0194166666666667,0.0395416666666667,0.258333333333333,4.35,14.8125,"SW"
"136",2018-05-16,11.5,24.4,0,60.7916666666667,1.64166666666667,10,1023.6,1020.6,2,5,9.9,4,0.0244583333333333,0.0206666666666667,0.0429166666666667,0.266666666666667,5.525,14.625,"SSW"
"137",2018-05-17,12.8,23.6,0,67.2958333333333,1.60833333333333,9,1024.1,1021.3,1,7,6.8,4.8,0.0194583333333333,0.0179166666666667,0.0354583333333333,0.229166666666667,4.20416666666667,11.125,"S"
"138",2018-05-18,13.3,25.4,0,68.1125,1.05,12,1022.9,1019.1,1,1,9.8,4,0.0335416666666667,0.0241666666666667,0.05925,0.358333333333333,5.8375,13.0416666666667,"WSW"
"139",2018-05-19,11.5,25.3,0,64.9916666666667,1.14583333333333,11,1022.3,1019.2,1,1,9.7,3.2,0.02025,0.022375,0.040625,0.395833333333333,8.44583333333333,16.175,"SW"
"140",2018-05-20,11.6,25.3,0,52.1125,1.3875,12,1021.8,1017.4,1,1,9.9,2.6,0.0139583333333333,0.0189583333333333,0.03125,0.283333333333333,7.17083333333333,13.5208333333333,"WSW"
"141",2018-05-21,9.7,11.2747572815534,0,48.975,1.2875,12,1021.6,1018.5,1,1,10,5.2,0.027625,0.0254166666666667,0.0547083333333333,0.354166666666667,4.58333333333333,14.0041666666667,"WSW"
"142",2018-05-22,10.8,25.5,0,48.7458333333333,1.48333333333333,12,1021.3,1016.6,0,0,9.8,2.2,0.0429583333333333,0.0254583333333333,0.069625,0.425,5.7625,17.1375,"WSW"
"143",2018-05-23,11.3,25,0,59.5833333333333,1.50833333333333,10,1023.2,1021,1,3,9.3,5,0.0249583333333333,0.0202083333333333,0.0430833333333333,0.295833333333333,4.68333333333333,15.3166666666667,"SSW"
"144",2018-05-24,13.1,24.2,0,68.2166666666667,0.995833333333333,10,1024.2,1020.3,1,7,7.7,4,0.0252083333333333,0.0210416666666667,0.044,0.3375,6.66666666666667,17.9291666666667,"SSW"
"145",2018-05-25,14.2,24.6,0,68.0916666666667,1.8,10,1024.6,1022.3,7,7,5,3.6,0.026,0.0193333333333333,0.0432083333333333,0.304166666666667,5.525,13.7416666666667,"SSW"
"146",2018-05-26,15.1,23.8,0,73.3,1.85,10,1027.5,1025.7,1,7,5.6,4.2,0.014125,0.014875,0.0274166666666667,0.258333333333333,3.77916666666667,9.56666666666667,"SSW"
"147",2018-05-27,14.3,23.1,3.4,70.7208333333333,1.38333333333333,10,1027,1023.6,2,6,5.6,2.6,0.00729166666666667,0.0110833333333333,0.0171666666666667,0.220833333333333,3.37916666666667,7.1375,"SSW"
"148",2018-05-28,14.8,22.7,1.6,77.2875,1.45833333333333,9,1025,1021.8,7,7,3.6,2.2,0.0160833333333333,0.0135416666666667,0.0280416666666667,0.229166666666667,3.24583333333333,6.475,"S"
"149",2018-05-29,16.2,23.5,4.2,80.0125,0.970833333333333,12,1022.4,1019,7,7,5.8,1.4,0.0374583333333333,0.02025,0.0592916666666667,0.416666666666667,4.82916666666667,10.8375,"WSW"
"150",2018-05-30,13.4,26.1,0.2,66.5541666666667,1.25833333333333,12,1020.3,1015.4,0,2,9.4,2.4,0.0284166666666667,0.018375,0.0447916666666667,0.325,5.85833333333333,12.6666666666667,"WSW"
"151",2018-05-31,8.3,22,0,38.0875,1.83333333333333,12,1021.3,1016.8,0,0,9.9,4.8,0.0237916666666667,0.0181666666666667,0.039875,0.3,2.45416666666667,8.68333333333333,"WSW"
"152",2018-06-01,10.2,22.6,0,50.0791666666667,1.54166666666667,11,1020.1,1016.7,0,0,9.8,5.4,0.035875,0.026375,0.0666666666666667,0.316666666666667,8.43333333333333,17.3083333333333,"SW"
"153",2018-06-02,8.4,23.5,0,53.2833333333333,1.53333333333333,12,1018.1,1012.8,0,0,9.9,3.6,0.017375,0.0172916666666667,0.0329583333333333,0.104166666666667,9.3625,15.1083333333333,"WSW"
"154",2018-06-03,12,25.4,0,54.8791666666667,1.4875,11,1015.3,1012.4,5,3,8.9,4.8,0.013,0.014875,0.0265,0.0916666666666667,8.15833333333333,14.9666666666667,"SW"
"155",2018-06-04,11.7,24,0,71.45,1.27083333333333,10,1016.8,1014.6,1,2,9.6,3.2,0.019375,0.016875,0.0345833333333333,0.154166666666667,6.85416666666667,13.0208333333333,"SSW"
"156",2018-06-05,11.5,22.6,0,71.6333333333333,1.3875,10,1021.6,1020,1,1,9.7,4,0.024125,0.0197916666666667,0.0419166666666667,0.208333333333333,7.87916666666667,14.2333333333333,"SSW"
"157",2018-06-06,11.8,23.1,0,75.4333333333333,1.71666666666667,10,1024.4,1022.3,1,5,8.5,4.4,0.0198333333333333,0.018,0.0359166666666667,0.1625,6.50833333333333,11.8708333333333,"SSW"
"158",2018-06-07,13.9,20.6,8.6,83.1833333333333,1.52916666666667,10,1027.6,1024.9,8,5,1.9,3.6,0.0297083333333333,0.0209166666666667,0.0524166666666667,0.229166666666667,7.05833333333333,14.7458333333333,"SSW"
"159",2018-06-08,13.8,22.4,9.4,82.8916666666667,1.2875,10,1026.2,1022.6,5,7,6.1,0.4,0.0270833333333333,0.019375,0.044375,0.208333333333333,7.025,13.6541666666667,"SSW"
"160",2018-06-09,15.6,23.7,0.2,77.95,0.904166666666667,12,1023.9,1019.4,7,7,3.8,1.8,0.0188333333333333,0.0167083333333333,0.0337916666666667,0.233333333333333,7.64583333333333,13.6916666666667,"WSW"
"161",2018-06-10,15.6,23.6,0.8,72.3041666666667,1.36666666666667,10,1020.7,1018.2,1,7,6.4,2.6,0.0154583333333333,0.015625,0.0294583333333333,0.216666666666667,7.93333333333333,11.5,"SSW"
"162",2018-06-11,12.4,23.3,0,68.1708333333333,1.17083333333333,11,1021,1016.8,1,2,9.7,3,0.0261666666666667,0.02075,0.0445833333333333,0.233333333333333,7.07083333333333,15.575,"SW"
"163",2018-06-12,9.3,22.9,0,75.4833333333333,1.10416666666667,13,1018.8,1013.8,5,6,8.6,2.8,0.031625,0.0232916666666667,0.056625,0.275,10.275,21.4208333333333,"W"
"164",2018-06-13,10.5,25.2,0,68.4083333333333,0.804166666666667,14,1015.4,1011.4,1,4,7.5,2.4,0.04125,0.0284166666666667,0.07075,0.370833333333333,13.2291666666667,23.9875,"WNW"
"165",2018-06-14,14,23.8,0.8,67.5875,0.908333333333333,13,1017.7,1016,6,7,5.3,5,0.0394583333333333,0.0247083333333333,0.0653333333333333,0.329166666666667,10.9166666666667,18.3958333333333,"W"
"166",2018-06-15,11.7,23.7,0,50.7166666666667,1.48333333333333,13,1021.8,1018.3,1,0,9.6,2.8,0.0318333333333333,0.0225416666666667,0.056,0.283333333333333,7.8625,16.6208333333333,"W"
"167",2018-06-16,6.9,23.2,0,51.7125,1.15416666666667,12,1021.8,1017,1,6,9.7,4.4,0.0303333333333333,0.022125,0.0541666666666667,0.366666666666667,9.69166666666667,18.5666666666667,"WSW"
"168",2018-06-17,8.7,20.5,0,39.0875,2.35833333333333,13,1019.8,1015.7,1,1,9.3,4,0.0115416666666667,0.010625,0.0210833333333333,0.2,4.625,12.7958333333333,"W"
"169",2018-06-18,9.8,18.5,0,45.0666666666667,2.76666666666667,12,1019.2,1015.4,1,1,9.8,7.2,0.01525,0.0114166666666667,0.0252083333333333,0.191666666666667,2.8625,8.78333333333333,"WSW"
"170",2018-06-19,8.5,20.2,0,48.6333333333333,2.19583333333333,12,1018.5,1016,0,1,9.9,5.2,0.0229166666666667,0.0164166666666667,0.0374166666666667,0.258333333333333,5.4125,10.8791666666667,"WSW"
"171",2018-06-20,8.7,22.4,0,58.1958333333333,1.70833333333333,11,1022.5,1020.8,1,7,6.7,6.2,0.028625,0.022625,0.0529166666666667,0.3,6.6625,14.8958333333333,"SW"
"172",2018-06-21,10.4,22.2,0,65.5708333333333,1.55833333333333,10,1025.6,1023.1,1,7,8.3,4,0.0262916666666667,0.02175,0.0458333333333333,0.291666666666667,8.60833333333333,16.8416666666667,"SSW"
"173",2018-06-22,10.7,22.7,0,68.7041666666667,1.53333333333333,10,1027.1,1024.1,1,1,9.5,3.6,0.0246666666666667,0.019625,0.042125,0.3,8.175,17.1166666666667,"SSW"
"174",2018-06-23,9.1,23.1,0,69.1583333333333,1.22916666666667,12,1026.4,1022.3,1,1,9.2,3.4,0.02375,0.021125,0.0427916666666667,0.366666666666667,11.3958333333333,18.6666666666667,"WSW"
"175",2018-06-24,8.6,23.4,0,65.0208333333333,1.0875,11,1025.2,1021.9,1,1,9.3,3.8,0.0113333333333333,0.0184166666666667,0.028375,0.370833333333333,18.4708333333333,24.9083333333333,"SW"
"176",2018-06-25,10.3,21.6,0,69.4833333333333,1.64166666666667,9,1028.6,1025.4,7,6,6.4,3.2,0.0233333333333333,0.0194166666666667,0.040625,0.270833333333333,12.4,21.6541666666667,"S"
"177",2018-06-26,13.4,22,0.8,69.575,1.74166666666667,9,1030.1,1027.9,7,8,3.8,2.6,0.0184166666666667,0.018125,0.0347083333333333,0.208333333333333,7.11666666666667,14.9083333333333,"S"
"178",2018-06-27,14.1,16.9,1,86.9291666666667,1.09166666666667,11,1028.4,1026,7,8,0,3,0.036625,0.0212916666666667,0.0595,0.279166666666667,8.64583333333333,14.3125,"SW"
"179",2018-06-28,13.8,22,7.4,85.6791666666667,0.995833333333333,11,1025.2,1021.2,6,4,1.3,0.8,0.0294166666666667,0.0197083333333333,0.0469583333333333,0.229166666666667,7.85416666666667,12.4416666666667,"SW"
"180",2018-06-29,12.4,23.7,0,84.0166666666667,1.10833333333333,12,1023.2,1020.8,8,2,7.6,1.2,0.0272083333333333,0.022375,0.0472916666666667,0.220833333333333,9.85833333333333,14.3958333333333,"WSW"
"181",2018-06-30,12.9,24.6,0.2,78.8375,1.0625,12,1025.4,1023,8,7,4.1,2,0.0192083333333333,0.0209166666666667,0.0382916666666667,0.258333333333333,13.325,19.0375,"WSW"
"182",2018-07-01,15.1,22.4,0,85.6041666666667,1,11,1027.6,1024.7,8,7,0.2,1.4,0.0122916666666667,0.016,0.0269583333333333,0.2,15.6041666666667,21.1416666666667,"SW"
"183",2018-07-02,14.8,24.4,6.4,75.9833333333333,1.27083333333333,11,1025.8,1021.6,3,4,7.3,1.8,0.0232916666666667,0.0180416666666667,0.0394166666666667,0.154166666666667,6.87916666666667,11.2375,"SW"
"184",2018-07-03,13.3,23.3,0,66.5458333333333,1.96666666666667,11,1024.9,1020.4,1,4,9.9,3,0.0186666666666667,0.016875,0.0337916666666667,0.1125,4.55,8.94166666666667,"SW"
"185",2018-07-04,14.8,24,0,73.45,1.75833333333333,10,1024,1022.2,2,3,9.2,4,0.0196666666666667,0.0183333333333333,0.0346666666666667,0.1625,5.23333333333333,11.4625,"SSW"
"186",2018-07-05,15.4,22.9,3.2,90.3166666666667,1.05,7,1024.1,1021.1,2,7,3.7,3.4,0.026,0.0205833333333333,0.0442916666666667,0.225,8.76666666666667,15.9375,"SE"
"187",2018-07-06,17.6,23.9,8.6,85.2958333333333,1.25,3,1019.7,1015.6,6,4,7.1,2,0.011125,0.015125,0.0249166666666667,0.0958333333333333,6.70833333333333,16.175,"NE"
"188",2018-07-07,18.2,24.9,2.6,70.2291666666667,1.27083333333333,14,1015.2,1010.6,7,6,2.6,1.6,0.011375,0.0130416666666667,0.0231666666666667,0.108333333333333,5.39583333333333,10.6958333333333,"WNW"
"189",2018-07-08,9.7,20.4,0.2,41.725,2.62916666666667,12,1020.5,1017.2,0,0,9.8,5.6,0.007125,0.00866666666666667,0.015,0.0916666666666667,3.5,8.95,"WSW"
"190",2018-07-09,9,20.6,0,54.0875,1.41666666666667,11,1022.5,1020.5,0,7,9.2,6.4,0.025625,0.020875,0.0443333333333333,0.2,6.04166666666667,12.8916666666667,"SW"
"191",2018-07-10,9,22.2,0,69.0375,1.5625,10,1025,1021.5,7,3,6.9,2.4,0.0222083333333333,0.019875,0.0400416666666667,0.191666666666667,8.13333333333333,14.6791666666667,"SSW"
"192",2018-07-11,10.7,20.8,0,80.45,1.22083333333333,10,1024.2,1020.8,4,8,3.4,3.4,0.0258333333333333,0.0210416666666667,0.0447083333333333,0.204166666666667,7.94166666666667,13.6083333333333,"SSW"
"193",2018-07-12,13.9,21.8,2.4,82.5708333333333,1.05833333333333,11,1021.7,1017.1,7,4,5.7,3,0.0359583333333333,0.021875,0.0592916666666667,0.3,9.95833333333333,15.0166666666667,"SW"
"194",2018-07-13,11,21.7,0,53.5625,1.7,12,1018.8,1014.7,0,0,10.1,2.8,0.0317916666666667,0.02175,0.05525,0.270833333333333,8.17916666666667,12.7208333333333,"WSW"
"195",2018-07-14,6.7,21,0,53.0708333333333,1.12916666666667,11,1020.1,1016.1,1,0,9.9,5,0.0231666666666667,0.022,0.0429583333333333,0.316666666666667,11.3916666666667,16.8166666666667,"SW"
"196",2018-07-15,5.2,21.6,0,63.85,1.14583333333333,11,1020.1,1015.5,1,1,9.9,3,0.015375,0.0203333333333333,0.034,0.279166666666667,15.3916666666667,20.3,"SW"
"197",2018-07-16,7.3,23.6,0,57.075,0.895833333333333,13,1016.8,1012.6,1,3,9.2,2.8,0.0313333333333333,0.0277916666666667,0.0605416666666667,0.316666666666667,13.1291666666667,20.7833333333333,"W"
"198",2018-07-17,7.1,24.3,0,47.9958333333333,1.05,12,1020.2,1017.6,0,0,10,4.8,0.0497916666666667,0.03075,0.0810833333333333,0.408333333333333,10.7458333333333,21.5125,"WSW"
"199",2018-07-18,6.2,25,0,55.8833333333333,0.908333333333333,12,1021.7,1018.6,0,0,9.9,3.2,0.065625,0.0337916666666667,0.0991666666666667,0.558333333333333,18.5041666666667,32.325,"WSW"
"200",2018-07-19,6.3,23.8,0,61.525,1.25,1,1022.4,1018,0,0,9.8,2.6,0.0328333333333333,0.0272916666666667,0.061625,0.3875,23.9416666666667,36.3416666666667,"N"
"201",2018-07-20,9.8,24.9,0,59.2666666666667,1.20833333333333,13,1017.9,1012.7,1,7,5.7,3.4,0.02925,0.0247083333333333,0.0555833333333333,0.291666666666667,14.5791666666667,25.5166666666667,"W"
"202",2018-07-21,9.8,20.2,0,48.7625,1.50416666666667,12,1022.4,1020.1,1,1,10,4.8,0.0121666666666667,0.015375,0.026,0.2625,9.7125,20.5416666666667,"WSW"
"203",2018-07-22,7.8,20.7,0,66.7666666666667,1.275,11,1024.3,1020.2,7,2,9.3,3.6,0.00995833333333333,0.01575,0.0244583333333333,0.291666666666667,13.6916666666667,20.325,"SW"
"204",2018-07-23,8.2,22.2,0,69.5833333333333,0.991666666666667,12,1022.7,1017.9,1,2,9.6,3.2,0.043,0.0272083333333333,0.07125,0.4,15.0916666666667,25.9791666666667,"WSW"
"205",2018-07-24,8.5,24.1,0,74.6708333333333,1.07083333333333,2,1020.6,1016.1,0,0,9.9,3.2,0.0285416666666667,0.0259166666666667,0.0559166666666667,0.316666666666667,14.675,26.4875,"NNE"
"206",2018-07-25,10.3,24.1,0,75.8958333333333,0.845833333333333,12,1020,1016.7,7,7,4.8,2.8,0.0533333333333333,0.0320833333333333,0.08575,0.479166666666667,20.6666666666667,37.2166666666667,"WSW"
"207",2018-07-26,13.5,26.3,0.8,67.2916666666667,1.00833333333333,1,1019.7,1015.7,1,1,9,1.2,0.028,0.0312916666666667,0.060625,0.383333333333333,19.825,34.4083333333333,"N"
"208",2018-07-27,11.4,25.6,0.2,74.8,1.4,3,1019.5,1015,0,1,9.7,3.8,0.024625,0.0228333333333333,0.045375,0.308333333333333,18.1666666666667,28.4708333333333,"NE"
"209",2018-07-28,11.6,26.4,0,74.0125,0.95,2,1018.5,1014.2,0,1,9.7,3.2,0.00995833333333333,0.0155833333333333,0.0240833333333333,0.2125,7.6625,13.5375,"NNE"
"210",2018-07-29,12.4,26.4,0,76.7208333333333,1.19583333333333,2,1017.5,1012.8,1,2,8.7,3,0.00529166666666667,0.0122916666666667,0.0167083333333333,0.195833333333333,10.8083333333333,17.05,"NNE"
"211",2018-07-30,11.8,23.7,1.4,52.7166666666667,1.7125,13,1017.7,1015.3,0,0,10.3,3,0.01975,0.0181666666666667,0.0361666666666667,0.220833333333333,6.625,12.7375,"W"
"212",2018-07-31,8.4,23.3,0,49.9625,1.1875,12,1021.7,1017.8,0,0,10.1,6.4,0.0218333333333333,0.026875,0.0402083333333333,0.229166666666667,7.34166666666667,18.5208333333333,"WSW"
"213",2018-08-01,7,24.7,0,58.3375,1.2125,11,1021.8,1017.5,4,2,10.2,4,0.0292916666666667,0.0329166666666667,0.063625,0.308333333333333,16.4375,27.425,"SW"
"214",2018-08-02,9.1,23,0,66.3666666666667,1.23333333333333,9,1023.1,1020.9,0,1,10,3,0.029375,0.0304166666666667,0.0613333333333333,0.308333333333333,25.9,37.9916666666667,"S"
"215",2018-08-03,11.1,23.9,0,70.5583333333333,1.40416666666667,2,1023.1,1017.7,1,1,10,4.8,0.0222083333333333,0.0242916666666667,0.044375,0.2125,16.7041666666667,25.9416666666667,"NNE"
"216",2018-08-04,11.7,27.1,0,70.2708333333333,1.025,14,1018.4,1014.7,1,1,9.8,2.8,0.016,0.0218333333333333,0.0359583333333333,0.2,10.4666666666667,22,"WNW"
"217",2018-08-05,10.3,25.3,0,67.3416666666667,1.45833333333333,3,1019.9,1014.7,0,0,10,5.4,0.00791666666666667,0.016,0.022625,0.154166666666667,15.0416666666667,39.0208333333333,"NE"
"218",2018-08-06,11.5,27.6,0,75.55,1.15833333333333,16,1015.7,1008.8,1,1,9.1,3.6,0.024625,0.020375,0.042875,0.191666666666667,11.5041666666667,21.6916666666667,"NNW"
"219",2018-08-07,15.9,22.9,2.8,39.6291666666667,2.37916666666667,12,1015.4,1012.2,7,7,4.1,3.6,0.021625,0.0197083333333333,0.0392916666666667,0.1375,7.025,22.1083333333333,"WSW"
"220",2018-08-08,7,22.6,0.2,44.9916666666667,0.995833333333333,12,1019.9,1016,0,0,10.3,7,0.0257083333333333,0.0262916666666667,0.0538333333333333,0.225,11.4625,30.9125,"WSW"
"221",2018-08-09,7.3,23,0,53.125,1.09166666666667,10,1022.7,1019.8,0,1,10.2,4.8,0.029,0.0265833333333333,0.057125,0.229166666666667,13.4291666666667,23.7208333333333,"SSW"
"222",2018-08-10,9.5,23.4,0,63.4083333333333,1.175,9,1024.7,1020.2,1,1,10.3,4.8,0.0249583333333333,0.025625,0.0522083333333333,0.258333333333333,11.8083333333333,22.0166666666667,"S"
"223",2018-08-11,11,24.9,0,67.2208333333333,1.3875,1,1021.3,1015.4,7,1,8.2,4,0.00979166666666667,0.0173333333333333,0.0257916666666667,0.141666666666667,10.6916666666667,18.9208333333333,"N"
"224",2018-08-12,11.6,24.4,0,48.1958333333333,1.9875,13,1016.5,1014.2,1,0,10.5,4.4,0.00779166666666667,0.0132916666666667,0.0199583333333333,0.141666666666667,7.55416666666667,16.2458333333333,"W"
"225",2018-08-13,7.9,22.5,0,37.0666666666667,1.53333333333333,11,1022.7,1020,0,0,10.5,9.8,0.0289583333333333,0.0257083333333333,0.0563333333333333,0.279166666666667,8.24583333333333,16.2208333333333,"SW"
"226",2018-08-14,6.8,22.7,0,58.8416666666667,1.32916666666667,2,1025.4,1021,0,0,10.5,4.6,0.0227083333333333,0.0267916666666667,0.0470833333333333,0.1375,11.6708333333333,23.4416666666667,"NNE"
"227",2018-08-15,7.6,25.2,0,66.2041666666667,1.075,4,1021.8,1015.8,0,0,10.3,3.8,0.00833333333333333,0.0207083333333333,0.0277083333333333,0.0833333333333333,15.1333333333333,25.5416666666667,"ENE"
"228",2018-08-16,7.5,29.5,0,60.8333333333333,1.0375,13,1015.8,1010.5,0,0,10.7,4.4,0.035625,0.0327083333333333,0.0694166666666667,0.270833333333333,15.7166666666667,27.5791666666667,"W"
"229",2018-08-17,8.6,29.3,0,50,1.1,12,1015.1,1010.7,1,1,10.7,4.8,0.0339583333333333,0.031625,0.066875,0.275,15.2208333333333,27.0541666666667,"WSW"
"230",2018-08-18,9.4,28.1,0,50.6291666666667,1.25,12,1017.4,1012,0,1,10.6,4.6,0.0181666666666667,0.02325,0.0395416666666667,0.166666666666667,12.3791666666667,22.5541666666667,"WSW"
"231",2018-08-19,8.5,22.8,0,34.8291666666667,2.89583333333333,12,1015.4,1012.5,0,0,11.1,5.6,0.00933333333333333,0.0124166666666667,0.020625,0.0791666666666667,7.07083333333333,20.8791666666667,"WSW"
"232",2018-08-20,10.4,21.9,0,29.6625,2.44583333333333,12,1018.9,1016,0,0,10.8,13.4,0.01975,0.0203333333333333,0.0379583333333333,0.170833333333333,8.7125,26.9958333333333,"WSW"
"233",2018-08-21,6.8,23.8,0,26.8208333333333,1.58333333333333,12,1019.4,1013.1,0,1,10.9,5.2,0.0254166666666667,0.0222916666666667,0.045375,0.179166666666667,6.9375,15.275,"WSW"
"234",2018-08-22,5.2,24.4,0,32.0875,1.7125,12,1017,1012.7,0,0,10.9,6.6,0.0309166666666667,0.0284166666666667,0.0608333333333333,0.220833333333333,8.5,19.7791666666667,"WSW"
"235",2018-08-23,8.7,23.1,0,57.2458333333333,1.45,7,1020.1,1017,1,1,10.7,5.8,0.0174166666666667,0.0236666666666667,0.0391666666666667,0.170833333333333,12.1833333333333,25.45,"SE"
"236",2018-08-24,10.8,24.5,0,65.7166666666667,1.4375,5,1022.6,1019.8,1,1,10.5,4.4,0.0159583333333333,0.02225,0.0364166666666667,0.154166666666667,16.2166666666667,27.5416666666667,"E"
"237",2018-08-25,12.4,22.5,0.8,71.0125,1.40833333333333,5,1023,1018.8,5,7,5.1,4.4,0.00691666666666667,0.0159166666666667,0.0217083333333333,0.1,10.1791666666667,15.5708333333333,"E"
"238",2018-08-26,14,20.2,11.2,87.0791666666667,0.870833333333333,12,1018.1,1012.6,8,7,1.5,2.4,0.0193333333333333,0.0201666666666667,0.0377083333333333,0.183333333333333,11.6041666666667,16.3041666666667,"WSW"
"239",2018-08-27,9.6,24.4,10.6,66.8541666666667,1.45416666666667,10,1017.2,1015.6,1,2,10.5,2,0.019375,0.0184583333333333,0.0345833333333333,0.120833333333333,8.81666666666667,13.7291666666667,"SSW"
"240",2018-08-28,11.1,22.8,0.2,69.7333333333333,1.2125,15,1021.2,1015.7,1,2,10.7,5,0.016875,0.022,0.0370833333333333,0.1375,10.6125,19.3583333333333,"NW"
"241",2018-08-29,9.6,24.8,0,50.3416666666667,1.42916666666667,12,1019.4,1014.8,0,0,11.1,4.4,0.0314583333333333,0.026125,0.0592083333333333,0.216666666666667,9.87916666666667,16.6791666666667,"WSW"
"242",2018-08-30,8.7,23.7,0,53.6833333333333,1.30416666666667,9,1020.7,1016.8,1,1,10.9,6.8,0.0203333333333333,0.0266666666666667,0.0447083333333333,0.195833333333333,10.4875,19.8458333333333,"S"
"243",2018-08-31,10.3,25.7,0,68.225,1.75833333333333,2,1018.7,1010.2,1,0,9.9,4.2,0.0229166666666667,0.02,0.040875,0.1625,12.2416666666667,25.2625,"NNE"
"244",2018-09-01,17.8,27.1,0,40.525,2.38333333333333,13,1013.2,1009.6,4,1,8.7,7.8,0.00979166666666667,0.015125,0.02375,0.0958333333333333,26.6875,161.179166666667,"W"
"245",2018-09-02,12.2,26.3,0,51.65,1.51666666666667,9,1016.4,1013.2,0,1,10.7,7.6,0.00520833333333333,0.0119583333333333,0.0160416666666667,0.0458333333333333,11.4916666666667,43.9333333333333,"S"
"246",2018-09-03,12.3,20.6,0,72.5916666666667,1.9,9,1021.9,1020,6,8,3,7.4,0.019875,0.01925,0.0372083333333333,0.1,5.7125,10.7541666666667,"S"
"247",2018-09-04,12.3,21.7,0.4,73.4041666666667,2.2875,9,1022.8,1020.7,7,7,2,4,0.02025,0.017875,0.0237916666666667,0.0916666666666667,5.7875,10.4708333333333,"S"
"248",2018-09-05,12.4,21.6,9.4,72.6833333333333,1.39583333333333,7,1023.1,1020.3,5,5,5.6,1.8,0.0160416666666667,0.0239583333333333,0.0181666666666667,0,5.29583333333333,11.4958333333333,"SE"
"249",2018-09-06,12.8,23.2,0,77.8333333333333,1.25416666666667,13,1022.2,1018.1,7,6,4.9,3.6,0.0293333333333333,0.0260416666666667,0.056875,0,7.41666666666667,16.7041666666667,"W"
"250",2018-09-07,13.4,24.7,0.4,76.5916666666667,1.725,3,1020.3,1016.3,3,1,10,2.8,0.0303333333333333,0.019625,0.0414583333333333,0.0625,7.51666666666667,18.8458333333333,"NE"
"251",2018-09-08,17.5,25,1.2,82.1875,0.916666666666667,2,1018.2,1013.2,7,7,4.8,5.2,0.0181666666666667,0.017625,0.0340416666666667,0.0875,6.1,14.9875,"NNE"
"252",2018-09-09,14,26.8,2,70.1833333333333,1.38333333333333,11,1020,1016.5,0,1,10.9,2.8,0.0158333333333333,0.0152083333333333,0.0294166666666667,0.0916666666666667,7.24166666666667,12.6583333333333,"SW"
"253",2018-09-10,12.6,25.1,0,65.2041666666667,1.32916666666667,8,1023.7,1021,0,1,10.8,4.6,0.0191666666666667,0.0191666666666667,0.0350416666666667,0.1,8.03333333333333,16.2583333333333,"SSE"
"254",2018-09-11,12.1,25,0,66.0833333333333,1.41666666666667,9,1024.2,1020.1,1,1,9.9,6.6,0.0124166666666667,0.016125,0.027125,0.0833333333333333,9.26666666666667,19.6791666666667,"S"
"255",2018-09-12,13.2,24.9,0,67.0875,1.33333333333333,3,1021.9,1018.1,4,1,10.2,4.6,0.0164583333333333,0.0190416666666667,0.0338333333333333,0.0958333333333333,8.09166666666667,19.15,"NE"
"256",2018-09-13,13.5,26.2,0,67.75,1.27083333333333,3,1021.4,1017.2,0,1,10.7,6,0.0165833333333333,0.0213333333333333,0.0361666666666667,0.0708333333333333,7.95416666666667,18.025,"NE"
"257",2018-09-14,14.1,26.4,0,71.9416666666667,1.39583333333333,3,1021.8,1017.6,3,1,9.9,4.8,0.016375,0.02,0.0346666666666667,0.075,9.37083333333333,17.1625,"NE"
"258",2018-09-15,14.4,26.9,0,72.8791666666667,1.69583333333333,3,1018.4,1012.5,1,1,10.8,5.4,0.00854166666666667,0.0125416666666667,0.0199583333333333,0.025,6.0375,16.1166666666667,"NE"
"259",2018-09-16,15.1,28.3,0,62.4833333333333,1.8125,8,1011.9,1011.9,1,1,9.9,4,0.00479166666666667,0.00920833333333333,0.01325,0.0791666666666667,9.45416666666667,35.325,"SSE"
"260",2018-09-17,12.9,23.3,0,57.8125,2.00833333333333,8,1022.5,1019.8,6,4,10.1,8.8,0.012875,0.015375,0.0267916666666667,0.1375,6.69166666666667,19.3833333333333,"SSE"
"261",2018-09-18,12.2,24.3,0,63.3875,1.4375,4,1023.9,1018.7,7,1,8.9,6.8,0.016125,0.0189166666666667,0.0334166666666667,0.195833333333333,6.81666666666667,17.2041666666667,"ENE"
"262",2018-09-19,12.5,25.1,0,68.175,1.70416666666667,3,1019.1,1013.1,1,1,10.8,5.2,0.0152916666666667,0.0163333333333333,0.0300416666666667,0.0791666666666667,7.14166666666667,19.5166666666667,"NE"
"263",2018-09-20,15.1,28.7,0,65.8958333333333,1.25416666666667,7,1013.8,1012.2,1,3,10.5,6.6,0.0162083333333333,0.0185833333333333,0.033,0.0625,11.5333333333333,29.6291666666667,"SE"
"264",2018-09-21,13.3,24.5,0,58.7875,2.29583333333333,8,1025.5,1023.3,1,1,10.9,5.8,0.0127916666666667,0.0151666666666667,0.0265833333333333,0.0416666666666667,5.175,15.0125,"SSE"
"265",2018-09-22,12.2,25.1,0,65.3375,1.36666666666667,7,1028.1,1023.4,1,1,10.2,7.8,0.007875,0.013125,0.0199166666666667,0.125,6.73333333333333,15.6208333333333,"SE"
"266",2018-09-23,13.1,26.1,0,67.5541666666667,1.39166666666667,4,1024.7,1019.8,1,1,10.9,6.4,0.006375,0.0140416666666667,0.0192916666666667,0.125,7.525,14.575,"ENE"
"267",2018-09-24,13.9,25.6,0,68.725,1.95416666666667,8,1024.1,1020.7,5,6,7.8,5.8,0.0166666666666667,0.0176666666666667,0.0310833333333333,0.129166666666667,7.95833333333333,16.9458333333333,"SSE"
"268",2018-09-25,15.5,21.2,0,70.8083333333333,1.7125,8,1025.5,1021.8,8,7,0.5,6,0.0144583333333333,0.0157916666666667,0.0288333333333333,0.104166666666667,5.3375,13.9,"SSE"
"269",2018-09-26,13.8,23.7,0,71.0791666666667,1.6375,3,1022.6,1018,5,3,9.3,2.6,0.013125,0.0142916666666667,0.0260416666666667,0.0958333333333333,6.5,14.225,"NE"
"270",2018-09-27,14.1,24.2,0,73.9458333333333,0.941666666666667,5,1020.9,1017.5,8,1,3.2,5.6,0.015625,0.0187083333333333,0.0327916666666667,0.1125,7.55,16.6833333333333,"E"
"271",2018-09-28,15.9,26.8,0,73.5625,1.6375,3,1022,1017.7,7,1,8.7,3.2,0.0145833333333333,0.017375,0.0302916666666667,0.195833333333333,8.95,18.2333333333333,"NE"
"272",2018-09-29,16.5,28.9,0,74.8708333333333,1.59166666666667,3,1021.9,1017.3,3,3,8.4,5.4,0.00470833333333333,0.0108333333333333,0.0144166666666667,0.104166666666667,6.5875,17.1875,"NE"
"273",2018-09-30,16.9,20.8,2.2,80.175,1.825,8,1025.6,1024.2,8,7,1.8,6.6,0.00729166666666667,0.0112916666666667,0.017625,0.154166666666667,7.24583333333333,16.2833333333333,"SSE"
"274",2018-10-01,12.9,24.3,9.6,65.1416666666667,1.8375,8,1027.5,1023.7,1,1,11.5,2,0.00475,0.00795833333333333,0.011875,0.154166666666667,4.59166666666667,11.1625,"SSE"
"275",2018-10-02,13.1,24.7,0,62.7625,1.8,8,1027.5,1024.1,3,1,11.4,7.4,0.013375,0.01425,0.0263333333333333,0.204166666666667,5.30416666666667,11.9958333333333,"SSE"
"276",2018-10-03,12.5,26,0,65.5291666666667,1.4875,3,1023.2,1018.2,1,1,11.4,7,0.0155416666666667,0.016125,0.03,0.225,6.61666666666667,17.1541666666667,"NE"
"277",2018-10-04,12.8,26.1,0,67.8833333333333,1.57083333333333,3,1018.4,1013.5,2,2,11.4,6,0.0145833333333333,0.0151666666666667,0.0282916666666667,0.183333333333333,7.775,20.325,"NE"
"278",2018-10-05,17.8,25.3,0,67.75,0.983333333333333,2,1017.1,1014.7,6,7,4.8,6.8,0.0175416666666667,0.021625,0.037375,0.279166666666667,7.79166666666667,17.8291666666667,"NNE"
"279",2018-10-06,16,22.4,16.8,87.2958333333333,1.02916666666667,10,1018.6,1015.6,8,7,2,4.6,0.0113333333333333,0.01625,0.0262083333333333,0.1875,8.30833333333333,11.9291666666667,"SSW"
"280",2018-10-07,15.2,24.1,10.8,77.7958333333333,1.14166666666667,7,1020.2,1016.7,7,4,9.6,2.4,0.00604166666666667,0.0117083333333333,0.0168333333333333,0.166666666666667,6.62083333333333,10.6583333333333,"SE"
"281",2018-10-08,14.9,27.5,1,75.9458333333333,1.2125,4,1019.2,1014,7,3,10.5,5.2,0.0153333333333333,0.0173333333333333,0.0311666666666667,0.170833333333333,8.12083333333333,14.2541666666667,"ENE"
"282",2018-10-09,15.9,26.3,10,78.7458333333333,1.22083333333333,2,1017.6,1012.5,6,6,7.4,5.4,0.0130416666666667,0.0160416666666667,0.0277083333333333,0.154166666666667,8.97083333333333,14.4625,"NNE"
"283",2018-10-10,16.5,28.5,0.2,73.7791666666667,1.44583333333333,5,1014.2,1009.5,0,2,10.4,4.4,0.0135833333333333,0.0179583333333333,0.03,0.166666666666667,10.9833333333333,21.4166666666667,"E"
"284",2018-10-11,18,25.5,1.2,78.3125,2.11666666666667,8,1016.4,1016.2,6,7,3.8,6.6,0.015,0.0174583333333333,0.030625,0.125,6.57083333333333,12.025,"SSE"
"285",2018-10-12,14.9529801324503,15.438255033557,8.4,82.2583333333333,2.13333333333333,8,1021.7,1019.2,8,8,0,5.2,0.0192916666666667,0.0171666666666667,0.0347916666666667,0.154166666666667,5.2625,12.2833333333333,"SSE"
"286",2018-10-13,15.4,19.7,16.2,90.5375,1.59166666666667,8,1020,1018,8,8,0,4,0.00979166666666667,0.015,0.0234583333333333,0.0916666666666667,4.1625,7.74583333333333,"SSE"
"287",2018-10-14,16,20.8,16,91.4875,2.02083333333333,9,1019.6,1017.1,8,8,0,0.6,0.00758333333333333,0.0115833333333333,0.0180833333333333,0.0416666666666667,4.47083333333333,8.18333333333333,"S"
"288",2018-10-15,17.6,23.4,44.8,90.2833333333333,2.4625,8,1017.2,1016.1,8,8,1.3,4,0.0139583333333333,0.0134583333333333,0.026125,0.0416666666666667,4.40416666666667,8.62916666666667,"SSE"
"289",2018-10-16,19,25.9,23.8,82.5541666666667,2.0125,6,1018.4,1015.6,7,6,8.6,4.6,0.00458333333333333,0.00841666666666667,0.0122083333333333,0.0625,6.725,17.8708333333333,"ESE"
"290",2018-10-17,17.9,25.3,1.2,82.9375,1.2625,6,1018.2,1014.9,6,6,8.7,3.6,0.014375,0.0154166666666667,0.0284583333333333,0.166666666666667,6.12083333333333,14.475,"ESE"
"291",2018-10-18,18.1,25.2,4.8,82.1958333333333,1.40833333333333,4,1019.1,1017.1,7,7,3.9,3,0.0107083333333333,0.0132083333333333,0.02275,0.1625,6.4625,15.825,"ENE"
"292",2018-10-19,17.7,25.9,0.4,73.1875,1.12916666666667,5,1020.4,1016.7,5,7,10.6,5.2,0.0100833333333333,0.0139583333333333,0.0228333333333333,0.183333333333333,6.89166666666667,16.6916666666667,"E"
"293",2018-10-20,17.7,27.6,0,71.6708333333333,1.3375,3,1018.7,1014.1,5,1,10,7.2,0.00725,0.0118333333333333,0.0180833333333333,0.179166666666667,8.06666666666667,15.3583333333333,"NE"
"294",2018-10-21,19.2,28.2,0.8,78,1.05,14,1014.7,1012.8,7,7,5.6,4.8,0.00520833333333333,0.013875,0.01825,0.195833333333333,7.79166666666667,12.1125,"WNW"
"295",2018-10-22,15.1,28,8.2,75.2708333333333,1.3375,8,1016.6,1013.7,1,3,12.1,7.2,0.0104166666666667,0.0129166666666667,0.0221666666666667,0.166666666666667,6.925,12.4333333333333,"SSE"
"296",2018-10-23,17.5,28.9,0,73.2541666666667,1.475,4,1017.3,1013.6,2,1,11.8,4.6,0.011625,0.0144583333333333,0.0248333333333333,0.170833333333333,6.5625,13.2458333333333,"ENE"
"297",2018-10-24,18.3,32.5,0,72.175,1.27083333333333,6,1017.1,1013.4,1,1,11.9,6,0.0109166666666667,0.0157083333333333,0.0250833333333333,0.166666666666667,9.18333333333333,15.675,"ESE"
"298",2018-10-25,18.9,27.9,0,73.7625,1.39166666666667,5,1020.1,1016.2,7,1,9.4,6.2,0.006375,0.01325,0.0170416666666667,0.120833333333333,12.7208333333333,28.2041666666667,"E"
"299",2018-10-26,18,19.138255033557,0.6,70.3166666666667,1.40416666666667,6,1014.1,1007.9,1,1,11.9,6.8,0.0119166666666667,0.0179583333333333,0.0284166666666667,0.179166666666667,14.2416666666667,24.7041666666667,"ESE"
"300",2018-10-27,19.3,28.6,0,66.6791666666667,1.65416666666667,5,1014.5,1010.4,3,1,12.3,7.2,0.00295833333333333,0.00841666666666667,0.0106666666666667,0.1125,9.3,20.6041666666667,"E"
"301",2018-10-28,18.4,30.3,0,70.3208333333333,1.825,8,1011.6,1009.9,7,3,7.2,7.6,0.00445833333333333,0.008875,0.0125,0.1125,11.5875,21.4916666666667,"SSE"
"302",2018-10-29,18.5,16.938255033557,0.8,85.0041666666667,1.65833333333333,8,1017.4,1016.5,8,8,0,6.2,0.0184166666666667,0.0175833333333333,0.0342916666666667,0.166666666666667,8.7875,16.7416666666667,"SSE"
"303",2018-10-30,15.1529801324503,15.638255033557,3.6,68.5958333333333,1.29583333333333,4,1022,1018.8,6,1,12.2,1.8,0.0131666666666667,0.0137916666666667,0.0255833333333333,0.1875,7.575,16.675,"ENE"
"304",2018-10-31,15.6,27,0,68.7291666666667,1.3625,3,1021.9,1018.1,6,1,9.9,6.8,0.0155833333333333,0.0149166666666667,0.0290833333333333,0.1875,8.09166666666667,18.3333333333333,"NE"
"305",2018-11-01,15.8,27.8,0,66.0083333333333,1.4125,4,1023.8,1021.6,3,1,12.7,6.6,0.0140416666666667,0.01375,0.0263333333333333,0.1875,7.44583333333333,16.4458333333333,"ENE"
"306",2018-11-02,18.2,27.1,0,61.85,1.83333333333333,3,1025.9,1021.6,3,1,11.3,8.8,0.010875,0.011,0.02075,0.141666666666667,6.79166666666667,19.0708333333333,"NE"
"307",2018-11-03,17.7,30.8,0,62.8916666666667,1.40833333333333,2,1020.9,1014.6,3,2,12.1,8.8,0.005625,0.0100833333333333,0.0147916666666667,0.133333333333333,7.33333333333333,18.5541666666667,"NNE"
"308",2018-11-04,18.5,30.7,0,68.0583333333333,1.70416666666667,3,1013.4,1009,1,4,11.1,8,0.00195833333333333,0.00766666666666667,0.00908333333333333,0.1125,17.675,35.2916666666667,"NE"
"309",2018-11-05,21.2,31.3,0,73.7583333333333,1.54166666666667,4,1012.1,1008.2,2,2,12.1,7.4,0.008875,0.0130416666666667,0.0207083333333333,0.0916666666666667,16.8541666666667,38.1333333333333,"ENE"
"310",2018-11-06,23.5,32,0,75.7958333333333,1.72916666666667,4,1013.3,1008.9,7,7,8.8,7.4,0.00808333333333333,0.01225,0.0192916666666667,0.0833333333333333,14.4041666666667,33.5208333333333,"ENE"
"311",2018-11-07,22.4,31.4,0,69.9666666666667,2.12916666666667,3,1010.8,1005.8,4,6,11.9,8.6,0.00675,0.0100416666666667,0.0159166666666667,0.0708333333333333,12.1666666666667,26.6583333333333,"NE"
"312",2018-11-08,22.4,25.7,0.6,62.725,2.24166666666667,11,1011.5,1013.1,8,6,3.4,8.4,0.0138333333333333,0.0157916666666667,0.0281666666666667,0.1875,8.54166666666667,19.7,"SW"
"313",2018-11-09,16.3,25.1,0,56.0041666666667,1.95416666666667,8,1020.7,1017.6,5,6,10.4,5.2,0.0146666666666667,0.0149166666666667,0.0282083333333333,0.220833333333333,8.18333333333333,20.4333333333333,"SSE"
"314",2018-11-10,14.1,27.1,0,61.6791666666667,1.45,5,1018.2,1015.2,3,2,12.9,9.8,0.00554166666666667,0.00979166666666667,0.01425,0.166666666666667,6.375,14.575,"E"
"315",2018-11-11,16.9,27.7,0,62.35,1.75416666666667,8,1019.7,1016.8,3,1,12.6,9,0.00466666666666667,0.00858333333333333,0.0125416666666667,0.129166666666667,7.55,14.225,"SSE"
"316",2018-11-12,16.8,27.8,0,59.3333333333333,2.20833333333333,8,1021,1017.8,3,2,13,8,0.0125833333333333,0.012875,0.024,0.154166666666667,7.1375,14.4625,"SSE"
"317",2018-11-13,16.8,27.1,0,63.7291666666667,1.72916666666667,8,1019.7,1016.7,4,5,12.2,10.2,0.013375,0.0119583333333333,0.0241666666666667,0.170833333333333,7.71666666666667,17.9208333333333,"SSE"
"318",2018-11-14,17.2,28.3,0,66.3291666666667,1.575,4,1018.6,1016.1,5,4,10.2,9.4,0.0110833333333333,0.0116666666666667,0.0215416666666667,0.1375,7.71666666666667,17.4541666666667,"ENE"
"319",2018-11-15,20.9,29.6,0,68.2541666666667,1.42916666666667,3,1018.7,1015.1,3,3,10.6,7.4,0.0133333333333333,0.0125416666666667,0.0245,0.116666666666667,6.94166666666667,15.9625,"NE"
"320",2018-11-16,18.9,29.6,0,64.9916666666667,1.5,4,1017.7,1013.4,5,1,11.5,8,0.0120833333333333,0.0121666666666667,0.0231666666666667,0.120833333333333,6.7125,14.5,"ENE"
"321",2018-11-17,19.2,29.6,0,72.0958333333333,1.32916666666667,5,1016.1,1011.8,4,5,8.8,8,0.008875,0.0103333333333333,0.018125,0.104166666666667,6.54583333333333,13.6625,"E"
"322",2018-11-18,18,26.2,2.8,73.4708333333333,2.22083333333333,8,1018.9,1017.4,7,6,7,7.2,0.00458333333333333,0.00704166666666667,0.010875,0.0833333333333333,5.3375,12.3125,"SSE"
"323",2018-11-19,18.2,27,0.2,58.6375,1.67916666666667,7,1019.9,1016.3,3,2,11.6,8,0.0113333333333333,0.0119166666666667,0.0220833333333333,0.1375,6.2875,18.9416666666667,"SE"
"324",2018-11-20,16.8,28.3,0,58.9791666666667,1.95833333333333,3,1017.2,1011.9,6,1,11.9,9,0.010375,0.0120833333333333,0.02125,0.141666666666667,6.72916666666667,16.3041666666667,"NE"
"325",2018-11-21,19.4,31.7,0,66.9583333333333,1.61666666666667,3,1010.8,1004.6,1,7,9.5,9.4,0.00995833333333333,0.0136666666666667,0.02225,0.1,8.22083333333333,21.6166666666667,"NE"
"326",2018-11-22,23.2,31.1,2.8,63.4791666666667,1.72916666666667,14,1005.4,1003.3,7,7,6.1,8.6,0.0119583333333333,0.01625,0.0268333333333333,0.141666666666667,9.07083333333333,24.4291666666667,"WNW"
"327",2018-11-23,19.1,30.2,6.2,25.3458333333333,2.79583333333333,13,1008.6,1003.6,4,0,12.2,10,0.014875,0.0141666666666667,0.0275,0.308333333333333,24.4791666666667,148.3625,"W"
"328",2018-11-24,16.5,30.6,0,22.675,2.8375,13,1007.4,1003.1,0,0,13.2,16.8,0.0106666666666667,0.0110416666666667,0.0205833333333333,0.291666666666667,8.05416666666667,31.8625,"W"
"329",2018-11-25,19.9,33.5,0,32.8583333333333,1.45416666666667,14,1004.9,998.7,6,6,10.9,16,0.00595833333333333,0.01325,0.0181666666666667,0.229166666666667,7.84166666666667,21.9,"WNW"
"330",2018-11-26,18.2,34.8,0.2,49.1125,1.92916666666667,10,1002.9,1001.2,0,1,13.1,8,0.0137916666666667,0.0156666666666667,0.027875,0.179166666666667,8.52916666666667,22.7125,"SSW"
"331",2018-11-27,18.1,29.9,0,71.425,1.57916666666667,3,1009.1,1005.8,8,6,3.4,10,0.00945833333333333,0.0132916666666667,0.0217083333333333,0.0833333333333333,10.2541666666667,25.6583333333333,"NE"
"332",2018-11-28,22.7,37.9,0.6,52.7041666666667,2.91666666666667,13,1001.2,995.5,5,1,11.2,5.4,0.00866666666666667,0.013,0.0205833333333333,0.141666666666667,16.6291666666667,53.575,"W"
"333",2018-11-29,21.1,34.5,0,46.4583333333333,2.325,12,1005.4,1002.9,0,6,13.1,16.4,0.0100416666666667,0.0122916666666667,0.02125,0.1375,9.5625,37.8916666666667,"WSW"
"334",2018-11-30,19.4,29.8,0,64.2375,1.67083333333333,4,1011.6,1008,5,2,12.7,8.6,0.00495833333333333,0.010375,0.0125833333333333,0.0791666666666667,9.44166666666667,25.3208333333333,"ENE"
"335",2018-12-01,21.6,33.3,0,69.8666666666667,1.575,3,1012.1,1008.3,1,1,12.5,7,0.003,0.009625,0.0119166666666667,0.0458333333333333,16.4041666666667,35.0083333333333,"NE"
"336",2018-12-02,22.5,34.7,0,69.7458333333333,1.59166666666667,3,1008.7,1001.4,4,6,11.3,8.4,0.001,0.0104583333333333,0.010875,0.183333333333333,36.725,72.1416666666667,"NE"
"337",2018-12-03,23.6,30.5,0,63.7166666666667,1.75416666666667,5,1009.3,1007.9,1,5,11.1,10.2,0.00308333333333333,0.0111666666666667,0.00820833333333333,0.0541666666666667,22.1,55.9291666666667,"E"
"338",2018-12-04,19.9,30.3,0,69.6583333333333,1.32083333333333,6,1012.8,1011.6,7,8,1.2,6.8,0.00583333333333333,0.0126666666666667,0.0173333333333333,0.0541666666666667,13.4208333333333,37.0916666666667,"ESE"
"339",2018-12-05,20.6,27.9,0.6,67.2541666666667,2.85833333333333,7,1017.4,1017,5,7,5.6,5.4,0.0129583333333333,0.0124583333333333,0.0241666666666667,0.0375,9.35833333333333,23.2958333333333,"SE"
"340",2018-12-06,18.8,27.5,0,62.7916666666667,3.29166666666667,8,1020.7,1018.8,3,2,10,6.2,0.0126666666666667,0.0104583333333333,0.0220833333333333,0.0375,6.9,18.9208333333333,"SSE"
"341",2018-12-07,18.6,25.7,0,65.3416666666667,2.4375,7,1021.3,1020,8,8,2,11.2,0.015375,0.01225,0.0261666666666667,0.0541666666666667,7.09583333333333,19.6833333333333,"SE"
"342",2018-12-08,19.9,27.4,0,65.9666666666667,2.05833333333333,7,1021.2,1018.9,7,7,1.1,7.8,0.00579166666666667,0.008625,0.0135,0,7.14166666666667,24.8166666666667,"SE"
"343",2018-12-09,19.8,29.1,0,67.0791666666667,1.75,6,1018.3,1016.4,7,7,7.4,5.6,0.00295833333333333,0.00520833333333333,0.00766666666666667,0.00416666666666667,6.06666666666667,19.0208333333333,"ESE"
"344",2018-12-10,19.4,29.9,0,66.7541666666667,1.80416666666667,4,1016.2,1013.7,3,3,9.6,7.2,0.008,0.0103333333333333,0.017375,0.0125,8.67083333333333,23.325,"ENE"
"345",2018-12-11,19.6,30.3,0,67.7375,1.50416666666667,4,1016.5,1014,3,6,8.2,8.2,0.0105416666666667,0.010625,0.019875,0.025,10.0375,24.7958333333333,"ENE"
"346",2018-12-12,19.1,29.4,0,66.1666666666667,1.83333333333333,4,1014.7,1010.9,4,1,12,8,0.009625,0.00875,0.0165833333333333,0.0166666666666667,7.425,17.975,"ENE"
"347",2018-12-13,21.7,30.2,0,67.6416666666667,2.025,3,1010.1,1004.7,7,7,8,8,0.00679166666666667,0.00845833333333333,0.014375,0.0166666666666667,6.49166666666667,18.575,"NE"
"348",2018-12-14,23.5,31.3,0,76.8291666666667,2.07916666666667,3,1005.7,1003.2,8,3,5.4,8.6,0.00929166666666667,0.00916666666666667,0.017375,0.0166666666666667,6.425,15.4541666666667,"NE"
"349",2018-12-15,22.4,31,3,79.5541666666667,2.34166666666667,3,1009.1,1007.6,4,7,7.9,7,0.003125,0.00654166666666667,0.00908333333333333,0,4.79166666666667,13.3208333333333,"NE"
"350",2018-12-16,23.5,25.9,9,90.1791666666667,2.10833333333333,4,1010.8,1008.5,8,8,0,6.8,0.003,0.00583333333333333,0.00825,0,5.39166666666667,12.5291666666667,"ENE"
"351",2018-12-17,20.9,28.8,32.6,83.1666666666667,1.625,5,1011,1009.3,8,7,5.9,1.6,0.00708333333333333,0.00895833333333333,0.0149583333333333,0.00833333333333333,5.5125,12.2708333333333,"E"
"352",2018-12-18,21.8,29.8,2.8,78.5875,1.54583333333333,6,1012.9,1010.8,5,5,9.9,5,0.007,0.00820833333333333,0.0143333333333333,0,4.00416666666667,9.69166666666667,"ESE"
"353",2018-12-19,21.9,30.9,0,74.275,1.675,4,1014.2,1011.4,4,1,10.5,3.2,0.008625,0.00958333333333333,0.017125,0.0333333333333333,5.85416666666667,12.7333333333333,"ENE"
"354",2018-12-20,23.8,32.5,0,71.9375,1.79166666666667,3,1011.2,1006.8,1,1,12.1,7.2,0.007,0.00929166666666667,0.01525,0,5.61666666666667,14.125,"NE"
"355",2018-12-21,23.7,34.9,0,69.2833333333333,1.52916666666667,3,1006.8,1001.6,2,1,10.7,9.4,0.0100833333333333,0.0139166666666667,0.0228333333333333,0.0375,10.1458333333333,22.1583333333333,"NE"
"356",2018-12-22,23.2,35.7,3,69.5,1.84583333333333,8,1006.2,1003.1,8,7,6.5,8.6,0.00495833333333333,0.0114583333333333,0.0156666666666667,0.00416666666666667,8.54166666666667,17.2375,"SSE"
"357",2018-12-23,19.9,28.6,0,59.4833333333333,2.85,8,1015.7,1015,3,2,13,11.4,0.004875,0.00633333333333333,0.0104166666666667,0.00416666666666667,6.22083333333333,17.2375,"SSE"
"358",2018-12-24,18.9,27.9,0,63.6791666666667,1.92083333333333,7,1019.9,1017.7,5,2,11.5,11.2,0.00908333333333333,0.00758333333333333,0.0157916666666667,0.00416666666666667,5.78333333333333,14.6166666666667,"SE"
"359",2018-12-25,17.4,28.3,0.2,61.9875,1.58333333333333,6,1019.4,1017,7,2,11.4,10.6,0.002125,0.00454166666666667,0.00620833333333333,0.00833333333333333,4.96666666666667,12.3375,"ESE"
"360",2018-12-26,17.2,28.7,0,60.6458333333333,1.74166666666667,5,1018.4,1015.8,6,1,12.5,8.8,0.00216666666666667,0.00516666666666667,0.007,0,5.75833333333333,12.8958333333333,"E"
"361",2018-12-27,18.5,29.5,0,60.6541666666667,1.67916666666667,6,1017,1014.2,3,2,12.8,8.8,0.00704166666666667,0.007375,0.0137083333333333,0.00833333333333333,5.475,13.175,"ESE"
"362",2018-12-28,19.2,29.7,0,64.3375,1.93333333333333,6,1017.3,1015.4,3,2,13,10.2,0.00483333333333333,0.00695833333333333,0.011,0,5.8875,15.6333333333333,"ESE"
"363",2018-12-29,19.4,30.5,0,63.3083333333333,1.95416666666667,5,1018.2,1016.5,2,1,12.1,11.4,0.00291666666666667,0.00570833333333333,0.00804166666666667,0,7.9625,19.5416666666667,"E"
"364",2018-12-30,22.6,30.6,0,66.4125,1.92083333333333,5,1019.5,1016.2,3,1,12.3,9.4,0.00116666666666667,0.00425,0.005125,0,9.36666666666667,25.4291666666667,"E"
"365",2018-12-31,20.5,31.4,0,64.1083333333333,1.87916666666667,4,1017.2,1013.6,3,1,12.3,9.8,0.002625,0.00516666666666667,0.00716666666666667,0,7.7375,20.1625,"ENE"
